Heat 2005,position,Heat 2006,position,Heat 2007,position,Heat 2008,position,Heat 2009,position,Heat 2010,position,Heat 2011,position,Heat 2012,position,Heat 2013,position,Heat 2014,position,Heat 2015,position,Heat 2016,position,Celtics 2005,position,Celtics 2006,position,Celtics 2007,position,Celtics 2008,position,Celtics 2009,position,Celtics 2010,position,Celtics 2011,position,Celtics 2012,position,Celtics 2013,position,Celtics 2014,position,Celtics 2015,position,Celtics 2016,position,Warriors 2005,position,Warriors 2006,position,Warriors 2007,position,Warriors 2008,position,Warriors 2009,position,Warriors 2010,position,Warriors 2011,position,Warriors 2012,position,Warriors 2013,position,Warriors 2014,position,Warriors 2015,position,Warriors 2016,position,Bucks 2005,position,Bucks 2006,position,Bucks 2007,position,Bucks 2008,position,Bucks 2009,position,Bucks 2010,position,Bucks 2011,position,Bucks 2012,position,Bucks 2013,position,Bucks 2014,position,Bucks 2015,position,Bucks 2016,position,Lakers 2005,Lakers 2006,Lakers 2007,Lakers 2008,Lakers 2009,Lakers 2010,Lakers 2011,Lakers 2012,Lakers 2013,Lakers 2014,Lakers 2015,Lakers 2016,Mavericks 2005,Mavericks 2006,Mavericks 2007,Mavericks 2008,Mavericks 2009,Mavericks 2010,Mavericks 2011,Mavericks 2012,Mavericks 2013,Mavericks 2014,Mavericks 2015,Mavericks 2016,Rockets 2005,Rockets 2006,Rockets 2007,Rockets 2008,Rockets 2009,Rockets 2010,Rockets 2011,Rockets 2012,Rockets 2013,Rockets 2014,Rockets 2015,Rockets 2016,Thunder 2005,Thunder 2006,Thunder 2007,Thunder 2008,Thunder 2009,Thunder 2010,Thunder 2011,Thunder 2012,Thunder 2013,Thunder 2014,Thunder 2015,Thunder 2016,Bulls 2005,Bulls 2006,Bulls 2007,Bulls 2008,Bulls 2009,Bulls 2010,Bulls 2011,Bulls 2012,Bulls 2013,Bulls 2014,Bulls 2015,Bulls 2016,Cavaliers 2005,Cavaliers 2006,Cavaliers 2007,Cavaliers 2008,Cavaliers 2009,Cavaliers 2010,Cavaliers 2011,Cavaliers 2012,Cavaliers 2013,Cavaliers 2014,Cavaliers 2015,Cavaliers 2016,Raptors 2005,Raptors 2006,Raptors 2007,Raptors 2008,Raptors 2009,Raptors 2010,Raptors 2011,Raptors 2012,Raptors 2013,Raptors 2014,Raptors 2015,Raptors 2016,Spurs 2005,Spurs 2006,Spurs 2007,Spurs 2008,Spurs 2009,Spurs 2010,Spurs 2011,Spurs 2012,Spurs 2013,Spurs 2014,Spurs 2015,Spurs 2016
Derek Anderson,SG,Earl Barron,C,Blake Ahearn,PG,Joel Anthony,C,Rafer Alston,PG,Joel Anthony,C,Joel Anthony,C,Ray Allen,SG,Ray Allen,SG,Chris Andersen,C,Chris Andersen,C,Chris Andersen,C,Tony Allen,PG,Tony Allen,SG,Ray Allen,SG,Ray Allen,SG,Ray Allen,SG,Ray Allen,SG,Ray Allen,SG,Leandro Barbosa,PG,Joel Anthony,C,Brandon Bass,PF,Avery Bradley,SG,Avery Bradley,SG,Andris Biedrins,C,Kelenna Azubuike,SG,Kelenna Azubuike,SG,Kelenna Azubuike,SF,Kelenna Azubuike,SF,Jeff Adrien,PF,Earl Barron,C,Harrison Barnes,SF,Hilton Armstrong,C,Leandro Barbosa,SG,Leandro Barbosa,SG,Matt Barnes,SF,Charlie Bell,SG,Charlie Bell,SG,Charlie Bell,SG,Joe Alexander,SF,Charlie Bell,SG,Earl Barron,C,Andrew Bogut,C,Gustavo Ayon,C,Jeff Adrien,PF,Giannis Antetokounmpo,SG,Giannis Antetokounmpo,PG,Giannis Antetokounmpo,SF,Kwame Brown,Kwame Brown,Trevor Ariza,Trevor Ariza,Shannon Brown,Matt Barnes,Matt Barnes,Steve Blake,Kent Bazemore,Tarik Black,Brandon Bass,Tarik Black,Darrell Armstrong,Maurice Ager,Maurice Ager,J.J. Barea,J.J. Barea,Alexis Ajinca,Kelenna Azubuike,Josh Akognon,DeJuan Blair,Al-Farouq Aminu,Justin Anderson,Quincy Acy,Rafer Alston,Rafer Alston,Rafer Alston,Rafer Alston,David Andersen,Shane Battier,Jeff Adrien,Cole Aldrich,Omer Asik,Trevor Ariza,Trevor Ariza,Ryan Anderson,Ray Allen,Ray Allen,Nick Collison,Chucky Atkins,Antonio Anderson,Cole Aldrich,Cole Aldrich,Ronnie Brewer,Steven Adams,Steven Adams,Steven Adams,Alex Abrines,Malik Allen,Malik Allen,Shannon Brown,Luol Deng,Joe Alexander,Omer Asik,Omer Asik,Lou Amundson,Lou Amundson,Cameron Bairstow,Cameron Bairstow,Jimmy Butler,Martynas Andriuskevicius,Shannon Brown,Lance Allred,Daniel Gibson,Daniel Gibson,Baron Davis,Omri Casspi,Omri Casspi,Anthony Bennett,Lou Amundson,Jared Cunningham,Chris Andersen,Rafael Araujo,Andrea Bargnani,Andrea Bargnani,Hassan Adams,Marcus Banks,Alexis Ajinca,Solomon Alabi,Quincy Acy,Quincy Acy,Bruno Caboclo,Anthony Bennett,Bruno Caboclo,Brent Barry,Brent Barry,Brent Barry,Blake Ahearn,DeJuan Blair,James Anderson,James Anderson,James Anderson,Jeff Ayres,Kyle Anderson,LaMarcus Aldridge,LaMarcus Aldridge
Shandon Anderson,SF,Michael Doleac,C,Joel Anthony,PF,Marcus Banks,PG,Joel Anthony,C,Carlos Arroyo,PG,Shane Battier,SF,Chris Andersen,C,Chris Andersen,C,Michael Beasley,PF,Chris Bosh,PF,Chris Bosh,PF,Marcus Banks,PG,Ryan Gomes,PF,Tony Allen,SG,Tony Allen,SG,Tony Allen,SG,Carlos Arroyo,PG,Brandon Bass,PF,Brandon Bass,PF,Chris Babb,SG,Avery Bradley,SG,Coty Clarke,SF,Jaylen Brown,SF,Will Bynum,PG,Matt Barnes,PF,Matt Barnes,PF,Marco Belinelli,SG,Raja Bell,SG,Lou Amundson,PF,Keith Benson,C,Kent Bazemore,SG,Harrison Barnes,SF,Harrison Barnes,SF,Harrison Barnes,SF,Ian Clark,SG,Andrew Bogut,PF,Steve Blake,PG,Andrew Bogut,C,Malik Allen,PF,Andrew Bogut,C,Andrew Bogut,C,Jon Brockman,PF,Samuel Dalembert,C,Giannis Antetokounmpo,SF,Jerryd Bayless,PG,Jerryd Bayless,SG,Michael Beasley,PF,Kobe Bryant,Kobe Bryant,Kwame Brown,Shannon Brown,Kobe Bryant,Steve Blake,Steve Blake,Kobe Bryant,Steve Blake,Vander Blue,Tarik Black,Corey Brewer,Doug Christie,J.J. Barea,Malik Allen,Brandon Bass,Rodrigue Beaubois,J.J. Barea,Rodrigue Beaubois,Rodrigue Beaubois,Jose Calderon,J.J. Barea,J.J. Barea,Justin Anderson,Derek Anderson,Shane Battier,Shane Battier,Brent Barry,Trevor Ariza,Aaron Brooks,Earl Boykins,James Anderson,Patrick Beverley,Patrick Beverley,Michael Beasley,Trevor Ariza,Rick Brunson,Andre Brown,Ronald Dupree,Nick Collison,Ryan Bowen,Nick Collison,Nick Collison,Nick Collison,Caron Butler,D.J. Augustin,D.J. Augustin,Steven Adams,Eddie Basden,Andre Barrett,Luol Deng,Drew Gooden,Devin Brown,Keith Bogans,Carlos Boozer,Marco Belinelli,D.J. Augustin,Aaron Brooks,Aaron Brooks,Isaiah Canaan,Drew Gooden,Daniel Gibson,Devin Brown,J.J. Hickson,Danny Green,Semih Erden,Semih Erden,Wayne Ellington,Andrew Bynum,Will Cherry,Matthew Dellavedova,Andrew Bogut,Andre Barrett,Chris Bosh,Maceo Baston,Marcus Banks,Andrea Bargnani,Solomon Alabi,Alan Anderson,Alan Anderson,D.J. Augustin,DeMar DeRozan,Bismack Biyombo,DeMarre Carroll,Bruce Bowen,Matt Bonner,Matt Bonner,Matt Bonner,Keith Bogans,DeJuan Blair,DeJuan Blair,Aron Baynes,Aron Baynes,Jeff Ayres,Kyle Anderson,Kyle Anderson
Earl Barron,C,Udonis Haslem,PF,Marcus Banks,PG,Michael Beasley,PF,Carlos Arroyo,PG,Mike Bibby,PG,Chris Bosh,PF,Joel Anthony,C,Joel Anthony,C,Chris Bosh,C,Mario Chalmers,PG,Mario Chalmers,PG,Mark Blount,C,Gerald Green,SF,P.J. Brown,PF,Glen Davis,C,Marquis Daniels,SF,Avery Bradley,PG,Avery Bradley,PG,Avery Bradley,PG,Brandon Bass,PF,Jae Crowder,SF,Jae Crowder,SF,Jae Crowder,SF,Zarko Cabarkapa,PF,Andris Biedrins,C,Marco Belinelli,SG,Andris Biedrins,C,Andris Biedrins,C,Charlie Bell,SG,Andris Biedrins,C,Andris Biedrins,C,Kent Bazemore,SG,Andrew Bogut,C,Andrew Bogut,C,Stephen Curry,PG,Josh Davis,PF,Andrew Bogut,C,Dan Gadzuric,C,Charlie Bell,SG,Primoz Brezec,C,Earl Boykins,PG,Carlos Delfino,SF,Marquis Daniels,SF,Caron Butler,SF,Michael Carter-Williams,PG,Michael Carter-Williams,PG,Malcolm Brogdon,SG,Andrew Bynum,Andrew Bynum,Kobe Bryant,Kobe Bryant,Andrew Bynum,Shannon Brown,Kobe Bryant,Earl Clark,MarShon Brooks,Carlos Boozer,Anthony Brown,Jose Calderon,Erick Dampier,Greg Buckner,J.J. Barea,Matt Carroll,Caron Butler,Rodrigue Beaubois,Brian Cardinal,Elton Brand,Vince Carter,Tyson Chandler,Jeremy Evans,J.J. Barea,Jon Barry,Chuck Hayes,Aaron Brooks,Shane Battier,Hilton Armstrong,Chase Budinger,Chase Budinger,Omer Asik,Ronnie Brewer,Tarik Black,Patrick Beverley,Patrick Beverley,Mateen Cleaves,Nick Collison,Kevin Durant,Kevin Durant,Nick Collison,Daequan Cook,Daequan Cook,Kevin Durant,Nick Collison,Nick Collison,Nick Collison,Semaj Christon,Tyson Chandler,P.J. Brown,Chris Duhon,Ben Gordon,Luol Deng,Carlos Boozer,Ronnie Brewer,Carlos Boozer,Carlos Boozer,Jimmy Butler,Jimmy Butler,Michael Carter-Williams,Stephen Graham,Drew Gooden,Shannon Brown,Zydrunas Ilgauskas,J.J. Hickson,Christian Eyenga,Christian Eyenga,Alonzo Gee,Earl Clark,Matthew Dellavedova,Channing Frye,Mike Dunleavy,Matt Bonner,Jose Calderon,Chris Bosh,Andrea Bargnani,Marco Belinelli,David Andersen,Leandro Barbosa,Andrea Bargnani,Dwight Buycks,Landry Fields,Bruno Caboclo,DeMar DeRozan,Tim Duncan,Bruce Bowen,Bruce Bowen,Bruce Bowen,Matt Bonner,Matt Bonner,Matt Bonner,DeJuan Blair,Marco Belinelli,Aron Baynes,Matt Bonner,Joel Anthony
Michael Doleac,C,Robert Hite,SG,Earl Barron,C,Mark Blount,C,Michael Beasley,PF,Chris Bosh,PF,Mario Chalmers,PG,Shane Battier,SF,Shane Battier,SF,Shannon Brown,SG,Luol Deng,PF,Luol Deng,PF,Ricky Davis,SG,Al Jefferson,C,Sam Cassell,PG,Kevin Garnett,PF,Glen Davis,PF,Marquis Daniels,SF,Marquis Daniels,SG,Jason Collins,C,Jerryd Bayless,PG,Luigi Datome,SF,R.J. Hunter,SG,Gerald Green,SF,Calbert Cheaney,SF,Baron Davis,PG,Andris Biedrins,C,Jamal Crawford,PG,Stephen Curry,PG,Andris Biedrins,C,Kwame Brown,C,Andrew Bogut,C,Steve Blake,PG,Stephen Curry,PG,Ian Clark,SG,Kevin Durant,PF,T.J. Ford,PG,Earl Boykins,PG,Royal Ivey,PG,Keith Bogans,SG,Carlos Delfino,SF,Jon Brockman,C,Mike Dunleavy,SF,Mike Dunleavy,SF,John Henson,PF,Jared Dudley,SG,Chris Copeland,PF,Matthew Dellavedova,PG,Brian Cook,Brian Cook,Andrew Bynum,Andrew Bynum,Jordan Farmar,Kobe Bryant,Andrew Bynum,Chris Duhon,Kobe Bryant,Jabari Brown,Kobe Bryant,Jordan Clarkson,Marquis Daniels,Austin Croshere,Brandon Bass,Erick Dampier,Matt Carroll,Corey Brewer,Vince Carter,Vince Carter,Jae Crowder,Jae Crowder,Raymond Felton,Harrison Barnes,Lonny Baxter,Luther Head,Steve Francis,Aaron Brooks,Shane Battier,DeMarre Carroll,Marcus Camby,Patrick Beverley,Aaron Brooks,Corey Brewer,Corey Brewer,Corey Brewer,Nick Collison,Desmon Farmer,Francisco Elson,Jeff Green,Kevin Durant,Kevin Durant,Kevin Durant,Derek Fisher,Kevin Durant,Kevin Durant,Kevin Durant,Norris Cole,Luol Deng,Luol Deng,Thomas Gardner,Aaron Gray,Taj Gibson,Ronnie Brewer,Jimmy Butler,Jimmy Butler,Ronnie Brewer,Mike Dunleavy,Mike Dunleavy,Cristiano Felicio,Zendon Hamilton,Larry Hughes,Kaniel Dickens,Darnell Jackson,Zydrunas Ilgauskas,Alonzo Gee,Alonzo Gee,Daniel Gibson,Seth Curry,Joe Harris,Joe Harris,Kay Felder,Chris Bosh,Juan Dixon,Primoz Brezec,Chris Bosh,Chris Bosh,Marcus Banks,Andrea Bargnani,Jose Calderon,Austin Daye,Tyler Hansbrough,DeMarre Carroll,Serge Ibaka,Michael Finley,Jackie Butler,Tim Duncan,Austin Croshere,Tim Duncan,Tim Duncan,Derrick Byars,Matt Bonner,Matt Bonner,Marco Belinelli,Rasual Butler,Davis Bertans
Gerald Fitch,PG,Eddie Jones,SG,Mark Blount,C,Mario Chalmers,PG,Mario Chalmers,PG,Mario Chalmers,PG,Norris Cole,PG,Chris Bosh,C,Michael Beasley,SF,Mario Chalmers,PG,Goran Dragic,PG,Goran Dragic,PG,Dan Dickau,PG,Michael Olowokandi,C,Glen Davis,C,J.R. Giddens,SF,Michael Finley,SF,Glen Davis,C,Keyon Dooling,SG,Jordan Crawford,SG,Vander Blue,SG,Jeff Green,SF,Jonas Jerebko,PF,Al Horford,C,Baron Davis,PG,Ike Diogu,PF,Austin Croshere,PF,Jermareo Davidson,SF,Monta Ellis,SG,Rodney Carney,SF,Stephen Curry,PG,Stephen Curry,PG,Andrew Bogut,C,Festus Ezeli,C,Stephen Curry,PG,Draymond Green,PF,Dan Gadzuric,C,Dan Gadzuric,C,Yi Jianlian,PF,Andrew Bogut,C,Francisco Elson,C,Carlos Delfino,SF,Monta Ellis,SG,Monta Ellis,SG,Ersan Ilyasova,PF,Tyler Ennis,PG,Jared Cunningham,SG,Spencer Hawes,PF,Devean George,Maurice Evans,Brian Cook,Jordan Farmar,Derek Fisher,Andrew Bynum,Devin Ebanks,Devin Ebanks,Jordan Farmar,Kobe Bryant,Jordan Clarkson,Luol Deng,DeSagana Diop,Erick Dampier,Erick Dampier,DeSagana Diop,Erick Dampier,Caron Butler,Brendan Haywood,Darren Collison,Samuel Dalembert,Monta Ellis,Devin Harris,Ben Bentil,Keith Bogans,Juwan Howard,Gerald Green,Brian Cook,Aaron Brooks,Goran Dragic,Samuel Dalembert,Aaron Brooks,Isaiah Canaan,Isaiah Canaan,Clint Capela,Bobby Brown,Reggie Evans,Danny Fortson,Mickael Gelabale,Steven Hill,Jeff Green,Jeff Green,Derek Fisher,Serge Ibaka,Derek Fisher,Serge Ibaka,Randy Foye,Nick Collison,Chris Duhon,Chris Duhon,Drew Gooden,Kirk Hinrich,Aaron Gray,Rasual Butler,Luol Deng,Daequan Cook,Jimmy Butler,Pau Gasol,Cristiano Felicio,Taj Gibson,Alan Henderson,Zydrunas Ilgauskas,Daniel Gibson,LeBron James,Cedric Jackson,Daniel Gibson,Daniel Gibson,Kyrie Irving,Matthew Dellavedova,Brendan Haywood,Kyrie Irving,Channing Frye,Jose Calderon,T.J. Ford,Jose Calderon,Jose Calderon,Jose Calderon,Leandro Barbosa,Jerryd Bayless,Ed Davis,Nando De Colo,Chuck Hayes,DeMar DeRozan,Cory Joseph,Manu Ginobili,Tim Duncan,Francisco Elson,Tim Duncan,Michael Finley,Alonzo Gee,Eric Dawson,Nando De Colo,Shannon Brown,Matt Bonner,Boris Diaw,Dewayne Dedmon
Udonis Haslem,PF,Jason Kapono,SF,Daequan Cook,SG,Daequan Cook,SF,Daequan Cook,SG,Erick Dampier,C,Eddy Curry,C,Mario Chalmers,PG,Chris Bosh,C,Norris Cole,PG,James Ennis,SF,James Ennis,SF,Ryan Gomes,PF,Kendrick Perkins,C,Kevin Garnett,PF,Eddie House,PG,Kevin Garnett,PF,Semih Erden,C,Kevin Garnett,C,Kevin Garnett,C,Keith Bogans,SG,Jonas Jerebko,PF,Amir Johnson,PF,Demetrius Jackson,PG,Ike Diogu,PF,Mike Dunleavy,PF,Baron Davis,PG,Monta Ellis,SG,Devean George,SF,Stephen Curry,PG,Monta Ellis,SG,Festus Ezeli,C,MarShon Brooks,SG,Draymond Green,PF,Festus Ezeli,C,Andre Iguodala,SF,Reece Gaines,PG,Lynn Greer,SG,Desmond Mason,SF,Austin Croshere,PF,Dan Gadzuric,C,Keyon Dooling,PG,Drew Gooden,C,Drew Gooden,C,Brandon Knight,PG,Jorge Gutierrez,PG,Tyler Ennis,PG,John Henson,C,Devin Green,Jordan Farmar,Javaris Crittenton,Derek Fisher,Pau Gasol,Derrick Caracter,Christian Eyenga,Pau Gasol,Pau Gasol,Dwight Buycks,Roy Hibbert,Tyler Ennis,Adrian Griffin,DeSagana Diop,DeSagana Diop,Devean George,Drew Gooden,Brian Cardinal,Yi Jianlian,Jae Crowder,Wayne Ellington,Raymond Felton,John Jenkins,Andrew Bogut,Ryan Bowen,John Lucas III,Mike Harris,Joey Dorsey,Chase Budinger,Mike Harris,Goran Dragic,Daequan Cook,Omri Casspi,Clint Capela,Sam Dekker,Clint Capela,Noel Felix,Mickael Gelabale,Eddie Gill,Nenad Krstic,James Harden,James Harden,James Harden,Reggie Jackson,Ryan Gomes,Reggie Jackson,Josh Huestis,Taj Gibson,Ben Gordon,Ben Gordon,Ben Gordon,Larry Hughes,Kirk Hinrich,Luol Deng,Taj Gibson,Luol Deng,Luol Deng,Taj Gibson,Pau Gasol,Jerian Grant,Larry Hughes,LeBron James,Drew Gooden,Trey Johnson,Darnell Jackson,Joey Graham,Luke Harangody,Kevin Jones,Luol Deng,Kyrie Irving,LeBron James,Kyrie Irving,Antonio Davis,Jorge Garbajosa,Carlos Delfino,Quincy Douby,DeMar DeRozan,Andrea Bargnani,Rasual Butler,DeMar DeRozan,DeMar DeRozan,Amir Johnson,James Johnson,Kyle Lowry,Robert Horry,Francisco Elson,Michael Finley,Desmon Farmer,Manu Ginobili,Manu Ginobili,Justin Dentmon,Boris Diaw,Austin Daye,Austin Daye,Tim Duncan,Bryn Forbes
Jason Kapono,SF,Alonzo Mourning,C,Ricky Davis,SF,Yakhouba Diawara,SF,Yakhouba Diawara,SG,Udonis Haslem,PF,Mickell Gladness,PF,Norris Cole,PG,Mario Chalmers,PG,Andre Dawkins,SG,Gerald Green,SG,Gerald Green,SG,Gerald Green,SG,Paul Pierce,SG,Eddie House,PG,Stephon Marbury,PG,J.R. Giddens,SF,Kevin Garnett,PF,Ryan Hollins,C,Jeff Green,PF,Avery Bradley,SG,Jameer Nelson,PG,David Lee,PF,Jonas Jerebko,PF,Mike Dunleavy,SF,Monta Ellis,SG,Monta Ellis,SG,Al Harrington,PF,Chris Hunter,C,Monta Ellis,SG,Mickell Gladness,PF,Draymond Green,SF,Jordan Crawford,SG,Justin Holiday,SG,Draymond Green,PF,Damian Jones,C,Jermaine Jackson,PG,Julius Hodge,SG,Michael Redd,SG,Francisco Elson,C,Ersan Ilyasova,PF,Chris Douglas-Roberts,SF,Tobias Harris,SF,Tobias Harris,SF,O.J. Mayo,SG,John Henson,C,John Henson,C,Terrence Jones,PF,Jim Jackson,Aaron McKie,Maurice Evans,Pau Gasol,Didier Ilunga-Mbenga,Devin Ebanks,Derek Fisher,Andrew Goudelock,Elias Harris,Jordan Clarkson,Marcelo Huertas,Marcelo Huertas,Devin Harris,Devean George,Nick Fazekas,Gerald Green,Brendan Haywood,Tyson Chandler,Dominique Jones,Jared Cunningham,Monta Ellis,Devin Harris,David Lee,Nicolas Brussino,Rick Brunson,Tracy McGrady,Chuck Hayes,Chuck Hayes,Will Conroy,Chuck Hayes,Jonny Flynn,Carlos Delfino,Robert Covington,Troy Daniels,Andrew Goudelock,Sam Dekker,Danny Fortson,Andreas Glyniadakis,Jeff Green,Shaun Livingston,Serge Ibaka,Serge Ibaka,Lazar Hayward,Perry Jones,Serge Ibaka,Grant Jerrett,Serge Ibaka,Jerami Grant,Stephen Graham,Adrian Griffin,Aaron Gray,Lindsey Hunter,Lindsey Hunter,Taj Gibson,Richard Hamilton,Taj Gibson,Mike Dunleavy,Kirk Hinrich,Taj Gibson,R.J. Hunter,Zydrunas Ilgauskas,Damon Jones,Larry Hughes,Tarence Kinsey,LeBron James,Luke Harangody,Manny Harris,Jon Leuer,Shane Edwards,LeBron James,Richard Jefferson,LeBron James,Joey Graham,Joey Graham,Juan Dixon,Joey Graham,Reggie Evans,Jerryd Bayless,Jose Calderon,Landry Fields,Landry Fields,James Johnson,Cory Joseph,Lucas Nogueira,Sean Marks,Melvin Ely,Manu Ginobili,Michael Finley,Malik Hairston,Danny Green,Boris Diaw,Tim Duncan,Nando De Colo,Boris Diaw,Manu Ginobili,Pau Gasol
Alonzo Mourning,C,Shaquille O'Neal,C,Anfernee Hardaway,SF,Udonis Haslem,PF,Udonis Haslem,PF,Eddie House,SG,Terrel Harris,SG,Josh Harrellson,C,Norris Cole,PG,Luol Deng,SF,Udonis Haslem,PF,Udonis Haslem,PF,Orien Greene,PG,Kevinn Pinkney,PF,Kendrick Perkins,C,Mikki Moore,C,Eddie House,PG,Jeff Green,SF,JaJuan Johnson,PF,Kris Joseph,SF,MarShon Brooks,SG,Kelly Olynyk,C,Jordan Mickey,PF,Amir Johnson,PF,Monta Ellis,SG,Adonal Foyle,C,Al Harrington,C,Stephen Jackson,SF,Stephen Jackson,PF,Dan Gadzuric,C,Richard Jefferson,SF,Jarrett Jack,SG,Stephen Curry,PG,Andre Iguodala,SF,Andre Iguodala,SF,Shaun Livingston,PG,Ervin Johnson,C,Ersan Ilyasova,PF,Michael Ruffin,C,Dan Gadzuric,C,Royal Ivey,SG,Drew Gooden,PF,Darington Hobson,SG,John Henson,PF,Khris Middleton,SF,Ersan Ilyasova,PF,Damien Inglis,SF,Thon Maker,C,Aaron McKie,Lamar Odom,Jordan Farmar,Didier Ilunga-Mbenga,Adam Morrison,Derek Fisher,Pau Gasol,Jordan Hill,Manny Harris,Ed Davis,Ryan Kelly,Brandon Ingram,Josh Howard,Devin Harris,Devean George,Ryan Hollins,Josh Howard,Brendan Haywood,Jason Kidd,Eddy Curry,Devin Harris,Bernard James,Wesley Matthews,Quinn Cook,Josh Davis,Yao Ming,Luther Head,Luther Head,Brian Cook,Jordan Hill,Courtney Fortson,Toney Douglas,Troy Daniels,Joey Dorsey,James Harden,Tyler Ennis,Rashard Lewis,Rashard Lewis,Adrian Griffin,Desmond Mason,Nenad Krstic,Royal Ivey,Serge Ibaka,Jeremy Lamb,Royal Ivey,Perry Jones,Enes Kanter,Josh Huestis,Othella Harrington,Kirk Hinrich,Adrian Griffin,Linton Johnson,James Johnson,James Johnson,Mike James,Richard Hamilton,Jimmer Fredette,Doug McDermott,Kirk Hinrich,Joffrey Lauvergne,Luke Jackson,Dwayne Jones,Zydrunas Ilgauskas,Sasha Pavlovic,Antawn Jamison,Manny Harris,Ryan Hollins,Shaun Livingston,Carrick Felix,James Jones,Dahntay Jones,Richard Jefferson,Mike James,Kris Humphries,T.J. Ford,Kris Humphries,Jarrett Jack,Jose Calderon,Anthony Carter,Rudy Gay,Rudy Gay,Kyle Lowry,Kyle Lowry,Patrick Patterson,Nazr Mohammed,Michael Finley,Robert Horry,Manu Ginobili,Marcus Haislip,George Hill,Ike Diogu,Manu Ginobili,Boris Diaw,Tim Duncan,Danny Green,Manu Ginobili
Shaquille O'Neal,C,Gary Payton,PG,Udonis Haslem,PF,Luther Head,SG,James Jones,SF,Juwan Howard,PF,Udonis Haslem,PF,Terrel Harris,SG,Toney Douglas,PG,Goran Dragic,PG,Joe Johnson,SF,Joe Johnson,SF,Al Jefferson,PF,Leon Powe,C,Paul Pierce,SF,Patrick O'Bryant,C,Lester Hudson,PG,Luke Harangody,PF,E'Twaun Moore,PG,Courtney Lee,SG,Jordan Crawford,PG,Dwight Powell,PF,Kelly Olynyk,C,Jordan Mickey,PF,Derek Fisher,PG,Al Harrington,PF,Troy Hudson,PG,Rob Kurz,SF,Coby Karl,SF,Acie Law,PG,Charles Jenkins,PG,Richard Jefferson,SF,Dewayne Dedmon,C,Ognjen Kuzmic,C,Shaun Livingston,PG,Kevon Looney,C,Toni Kukoc,PF,Damir Markota,PF,Ramon Sessions,PG,Eddie Gill,PG,Darnell Jackson,PF,Ersan Ilyasova,PF,Ersan Ilyasova,PF,Ersan Ilyasova,PF,Tony Mitchell,SF,Chris Johnson,SF,O.J. Mayo,SG,Khris Middleton,SF,Stanislav Medvedenko,Smush Parker,Derek Fisher,Chris Mihm,Lamar Odom,Pau Gasol,Andrew Goudelock,Dwight Howard,Xavier Henry,Wayne Ellington,Larry Nance,Timofey Mozgov,Didier Ilunga-Mbenga,Josh Howard,Devin Harris,Josh Howard,Kris Humphries,Dominique Jones,Ian Mahinmi,Justin Dentmon,Bernard James,Richard Jefferson,JaVale McGee,Seth Curry,Richie Frahm,Dikembe Mutombo,Bobby Jackson,Carl Landry,Joey Dorsey,Jared Jeffries,Jordan Hill,Francisco Garcia,Francisco Garcia,Francisco Garcia,Montrezl Harrell,Eric Gordon,Mikki Moore,Randy Livingston,Donyell Marshall,Johan Petro,Shaun Livingston,Nenad Krstic,Royal Ivey,DeAndre Liggins,Reggie Jackson,Enes Kanter,Mitch McGary,Ersan Ilyasova,Kirk Hinrich,Viktor Khryapa,Kirk Hinrich,Brad Miller,Acie Law,Kyle Korver,Kyle Korver,Kirk Hinrich,Taj Gibson,Nikola Mirotic,Justin Holiday,Robin Lopez,LeBron James,Donyell Marshall,LeBron James,Joe Smith,Coby Karl,J.J. Hickson,Lester Hudson,C.J. Miles,Alonzo Gee,Alex Kirk,James Jones,Dahntay Jones,Darrick Martin,Luke Jackson,Jorge Garbajosa,Nathan Jawai,Amir Johnson,Ed Davis,Ed Davis,Aaron Gray,Aaron Gray,Lucas Nogueira,Lucas Nogueira,Jakob Poeltl,Rasho Nesterovic,Manu Ginobili,DerMarr Johnson,Drew Gooden,George Hill,Othyus Jeffers,Tim Duncan,Danny Green,Tim Duncan,Manu Ginobili,Kawhi Leonard,Danny Green
Gary Payton,PG,James Posey,SF,Luke Jackson,SF,James Jones,SF,Jamaal Magloire,C,Zydrunas Ilgauskas,C,Juwan Howard,PF,Udonis Haslem,PF,Justin Hamilton,C,Zoran Dragic,SG,Tyler Johnson,SG,Tyler Johnson,SG,Dwayne Jones,PF,Theo Ratliff,C,Scot Pollard,C,Kendrick Perkins,C,Oliver Lafayette,SG,Chris Johnson,C,Jermaine O'Neal,C,Fab Melo,C,Vitor Faverani,C,Phil Pressey,PG,Terry Rozier,PG,Kelly Olynyk,C,Adonal Foyle,C,Stephen Jackson,SF,Didier Ilunga-Mbenga,C,Corey Maggette,PF,Acie Law,PG,David Lee,PF,David Lee,PF,Charles Jenkins,SG,Toney Douglas,PG,David Lee,PF,Kevon Looney,PF,James Michael McAdoo,PF,Jamaal Magloire,C,Chris McCray,SG,Bobby Simmons,SF,Richard Jefferson,SF,Brandon Jennings,PG,Brandon Jennings,PG,Stephen Jackson,SF,Brandon Jennings,PG,Gary Neal,SG,Brandon Knight,PG,Khris Middleton,SG,Greg Monroe,C,Chris Mihm,Vladimir Radmanovic,Pau Gasol,Adam Morrison,Josh Powell,Trey Johnson,Jordan Hill,Antawn Jamison,Jordan Hill,Xavier Henry,Julius Randle,Larry Nance,Rawle Marshall,Didier Ilunga-Mbenga,Trenton Hassell,Jason Kidd,Jason Kidd,Jason Kidd,Shawn Marion,Chris Douglas-Roberts,Shane Larkin,Ricky Ledo,Salah Mejri,Yogi Ferrell,Stephen Graham,Steve Novak,Mike James,Kyle Lowry,Mike Harris,Courtney Lee,Courtney Lee,James Harden,Jordan Hamilton,James Harden,Chuck Hayes,James Harden,Ronald Murray,Johan Petro,Ira Newble,Malik Rose,Eric Maynor,Eric Maynor,Reggie Jackson,Kevin Martin,Perry Jones,Jeremy Lamb,Nazr Mohammed,Enes Kanter,Randy Holcomb,Andres Nocioni,Larry Hughes,Demetris Nichols,Brad Miller,John Lucas III,John Lucas III,Nazr Mohammed,Kirk Hinrich,Nazr Mohammed,Doug McDermott,Doug McDermott,Damon Jones,Ira Newble,Damon Jones,Wally Szczerbiak,Jamario Moon,Ryan Hollins,Kyrie Irving,Jeremy Pargo,Spencer Hawes,Kevin Love,Sasha Kaun,James Jones,Morris Peterson,Fred Jones,Joey Graham,Jason Kapono,Pops Mensah-Bonsu,DeMar DeRozan,Justin Dentmon,Amir Johnson,Tyler Hansbrough,Patrick Patterson,Patrick Patterson,Norman Powell,Fabricio Oberto,Robert Horry,Bobby Jones,Malik Hairston,Cedric Jackson,Richard Jefferson,T.J. Ford,Stephen Jackson,Manu Ginobili,Danny Green,Boban Marjanovic,Nicolas Laprovittola
James Posey,SF,Chris Quinn,PG,Alexander Johnson,PF,Shaun Livingston,PG,Jermaine O'Neal,C,LeBron James,SF,LeBron James,SF,Juwan Howard,PF,Udonis Haslem,PF,James Ennis,SF,Josh McRoberts,PF,Josh McRoberts,PF,Raef LaFrentz,PF,Allan Ray,SG,James Posey,PF,Paul Pierce,SF,Marcus Landry,SF,Nenad Krstic,C,Sasha Pavlovic,SF,Darko Milicic,C,Jeff Green,SF,Tayshaun Prince,SF,Marcus Smart,PG,Terry Rozier,PG,Aaron Miles,PG,Sarunas Jasikevicius,PG,Stephen Jackson,SF,Anthony Morrow,SG,Corey Maggette,PF,Jeremy Lin,PG,Dominic McGuire,PF,Carl Landry,PF,Draymond Green,SF,Shaun Livingston,PG,James Michael McAdoo,PF,Patrick McCaw,SG,Michael Redd,SG,David Noel,PF,Awvee Storey,SG,Damon Jones,PG,Luc Mbah a Moute,PF,Corey Maggette,SF,Brandon Jennings,PG,Doron Lamb,SG,Zaza Pachulia,C,Kendall Marshall,PG,Greg Monroe,C,Steve Novak,PF,Lamar Odom,Ronny Turiaf,Didier Ilunga-Mbenga,Lamar Odom,Sasha Vujacic,Lamar Odom,Jason Kapono,Darius Johnson-Odom,Wesley Johnson,Jordan Hill,D'Angelo Russell,David Nwaba,Dirk Nowitzki,Anthony Johnson,Josh Howard,Dirk Nowitzki,Shawn Marion,Ian Mahinmi,Dirk Nowitzki,Derek Fisher,Ricky Ledo,Jameer Nelson,Dirk Nowitzki,Dorian Finney-Smith,Chuck Hayes,Scott Padgett,Bobby Jones,Tracy McGrady,Chuck Hayes,Kyle Lowry,Kyle Lowry,Terrence Jones,James Harden,Dwight Howard,Dwight Howard,Montrezl Harrell,Johan Petro,Luke Ridnour,Johan Petro,Thabo Sefolosha,Byron Mullens,Nazr Mohammed,Eric Maynor,Eric Maynor,Jeremy Lamb,Mitch McGary,Anthony Morrow,Joffrey Lauvergne,Randy Livingston,Thabo Sefolosha,Viktor Khryapa,Joakim Noah,Ronald Murray,Joakim Noah,Joakim Noah,Joakim Noah,Mike James,E'Twaun Moore,Nikola Mirotic,Nikola Mirotic,Donyell Marshall,Sasha Pavlovic,Dwayne Jones,Anderson Varejao,Shaquille O'Neal,Antawn Jamison,Antawn Jamison,Chris Quinn,Scotty Hopson,Shawn Marion,Kevin Love,Kyle Korver,Jalen Rose,Darrick Martin,Kris Humphries,Shawn Marion,Rasho Nesterovic,Joey Dorsey,DeMar DeRozan,Linas Kleiza,Chuck Hayes,Terrence Ross,Norman Powell,Terrence Ross,Tony Parker,Fabricio Oberto,Keith Langford,George Hill,Richard Jefferson,Antonio McDyess,Manu Ginobili,Cory Joseph,Danny Green,JaMychal Green,Kevin Martin,David Lee
Wayne Simien,PF,Wayne Simien,PF,Bobby Jones,SF,Jamaal Magloire,C,Shavlik Randolph,PF,James Jones,SF,James Jones,SG,LeBron James,PF,LeBron James,PF,Danny Granger,SF,Josh Richardson,SG,Josh Richardson,SG,Michael Olowokandi,C,Rajon Rondo,PG,Leon Powe,C,Leon Powe,PF,Kendrick Perkins,C,Troy Murphy,PF,Paul Pierce,SF,Paul Pierce,SF,Kris Humphries,PF,Shavlik Randolph,PF,Jared Sullinger,PF,Marcus Smart,SG,Troy Murphy,PF,Renaldo Major,PF,Stephane Lasme,SF,DeMarcus Nelson,PG,Cartier Martin,SF,Vladimir Radmanovic,PF,Mikki Moore,C,David Lee,PF,Andre Iguodala,SF,James Michael McAdoo,PF,Brandon Rush,SG,JaVale McGee,C,Bobby Simmons,SF,Ruben Patterson,SF,Charlie Villanueva,PF,Tyronn Lue,PG,Jodie Meeks,SG,Luc Mbah a Moute,PF,Jon Leuer,PF,Luc Mbah a Moute,SF,Miroslav Raduljica,C,Kenyon Martin,PF,Steve Novak,PF,Jabari Parker,PF,Smush Parker,Sasha Vujacic,Coby Karl,Josh Powell,Luke Walton,Theo Ratliff,Josh McRoberts,Jodie Meeks,Chris Kaman,Wesley Johnson,Robert Sacre,Julius Randle,Pavel Podkolzin,Pops Mensah-Bonsu,Juwan Howard,James Singleton,Eduardo Najera,Shawn Marion,Lamar Odom,Bernard James,Shawn Marion,Dirk Nowitzki,Zaza Pachulia,Jonathan Gibson,Luther Head,Kirk Snyder,Carl Landry,Yao Ming,Jordan Hill,Kevin Martin,Kevin Martin,Jeremy Lin,Dwight Howard,Nick Johnson,Terrence Jones,Nene Hilario,Vitaly Potapenko,Mouhamed Sene,Luke Ridnour,Mouhamed Sene,Kevin Ollie,Byron Mullens,Nazr Mohammed,Daniel Orton,Kendrick Perkins,Anthony Morrow,Steve Novak,Doug McDermott,Andres Nocioni,Mike Sweetney,Demetris Nichols,Andres Nocioni,Joakim Noah,Derrick Rose,Derrick Rose,Vladimir Radmanovic,Cartier Martin,Joakim Noah,E'Twaun Moore,Anthony Morrow,Ronald Murray,Scot Pollard,Donyell Marshall,Ben Wallace,Anthony Parker,Jamario Moon,D.J. Kennedy,Samardo Samuels,Kyrie Irving,Mike Miller,Jordan McRae,DeAndre Liggins,Pape Sow,Rasho Nesterovic,Linton Johnson,Pops Mensah-Bonsu,Patrick O'Bryant,Ronald Dupree,Gary Forbes,Kyle Lowry,Amir Johnson,Greg Stiemsma,Terrence Ross,Pascal Siakam,Melvin Sanders,Tony Parker,Ian Mahinmi,Roger Mason,Ian Mahinmi,Gary Neal,Danny Green,Kawhi Leonard,Damion James,Cory Joseph,Ray McCallum,Kawhi Leonard
Dwyane Wade,SG,Dwyane Wade,SG,Stephane Lasme,PF,Shawn Marion,SF,Quentin Richardson,SF,Jamaal Magloire,C,Mike Miller,SG,James Jones,SF,James Jones,SF,Justin Hamilton,C,Jarnell Stokes,C,Jarnell Stokes,C,Kendrick Perkins,C,Brian Scalabrine,PF,Gabe Pruitt,PG,Gabe Pruitt,SG,Paul Pierce,SF,Jermaine O'Neal,C,Mickael Pietrus,SG,Shavlik Randolph,PF,Chris Johnson,SF,Rajon Rondo,PG,Isaiah Thomas,PG,Isaiah Thomas,PG,Mickael Pietrus,SF,Keith McLeod,PG,Patrick O'Bryant,C,Anthony Randolph,PF,Mikki Moore,C,Al Thornton,PF,Nate Robinson,PG,Brandon Rush,SF,Ognjen Kuzmic,C,Brandon Rush,SG,Marreese Speights,C,Zaza Pachulia,C,Joe Smith,PF,Michael Redd,SF,Jake Voskuhl,C,Luc Mbah a Moute,PF,Michael Redd,SG,Michael Redd,SG,Shaun Livingston,SG,Joel Przybilla,C,Luke Ridnour,PG,O.J. Mayo,SG,Johnny O'Bryant,PF,Gary Payton,PG,Laron Profit,Luke Walton,Chris Mihm,Vladimir Radmanovic,Metta World Peace,Joe Smith,Darius Morris,Darius Morris,Ryan Kelly,Ryan Kelly,Lou Williams,Thomas Robinson,Josh Powell,Dirk Nowitzki,Eddie Jones,Jerry Stackhouse,Dirk Nowitzki,Steve Novak,Jason Terry,Mike James,Gal Mekel,Chandler Parsons,Chandler Parsons,A.J. Hammons,Juwan Howard,Vassilis Spanoulis,Tracy McGrady,Dikembe Mutombo,Jared Jeffries,Brad Miller,Marcus Morris,Scott Machado,Terrence Jones,Terrence Jones,Ty Lawson,K.J. McDaniels,Vladimir Radmanovic,Earl Watson,Mouhamed Sene,Joe Smith,Thabo Sefolosha,Kendrick Perkins,Kendrick Perkins,Kendrick Perkins,Andre Roberson,Steve Novak,Cameron Payne,Anthony Morrow,Jannero Pargo,Tyrus Thomas,Joakim Noah,Anthony Roberson,Jannero Pargo,Brian Scalabrine,Brian Scalabrine,Nate Robinson,Nazr Mohammed,Derrick Rose,Joakim Noah,Cameron Payne,Ira Newble,Eric Snow,Ira Newble,Delonte West,Leon Powe,Anthony Parker,Anthony Parker,Donald Sloan,Jarrett Jack,Timofey Mozgov,Timofey Mozgov,Kevin Love,Charlie Villanueva,Anthony Parker,Jason Kapono,Jamario Moon,Hedo Turkoglu,Reggie Evans,Aaron Gray,John Lucas III,Kyle Lowry,Jonas Valanciunas,Luis Scola,Jared Sullinger,Alex Scales,Beno Udrih,Fabricio Oberto,Pops Mensah-Bonsu,Roger Mason,Steve Novak,Stephen Jackson,Tracy McGrady,Othyus Jeffers,Kawhi Leonard,Andre Miller,Patty Mills
Antoine Walker,PF,Antoine Walker,PF,Shawn Marion,PF,Jamario Moon,SF,Dwyane Wade,SG,Mike Miller,SG,Dexter Pittman,C,Rashard Lewis,PF,Rashard Lewis,SF,Udonis Haslem,PF,Amar'e Stoudemire,C,Amar'e Stoudemire,C,Paul Pierce,SF,Wally Szczerbiak,SF,Rajon Rondo,PG,Rajon Rondo,PG,Nate Robinson,PG,Shaquille O'Neal,C,Rajon Rondo,PG,Rajon Rondo,PG,Courtney Lee,SG,Marcus Smart,PG,Evan Turner,SG,James Young,SG,Jason Richardson,SG,Troy Murphy,PF,Kosta Perovic,C,Ronny Turiaf,C,Anthony Morrow,SG,Ekpe Udoh,C,Brandon Rush,SF,Malcolm Thomas,PF,David Lee,PF,Marreese Speights,C,Jason Thompson,C,Klay Thompson,SG,Jiri Welsch,SF,Jared Reiner,C,Mo Williams,PG,Michael Redd,SG,Luke Ridnour,PG,John Salmons,SG,Luc Mbah a Moute,PF,J.J. Redick,SG,Larry Sanders,C,Khris Middleton,SF,Jabari Parker,PF,Miles Plumlee,C,Ronny Turiaf,Shammond Williams,Ira Newble,Sasha Vujacic,,Sasha Vujacic,Troy Murphy,Steve Nash,Kendall Marshall,Jeremy Lin,Metta World Peace,D'Angelo Russell,Jerry Stackhouse,Jerry Stackhouse,Jason Kidd,Jason Terry,Quinton Ross,Dirk Nowitzki,Delonte West,Dahntay Jones,Dirk Nowitzki,Dwight Powell,Dwight Powell,Devin Harris,Maciej Lampe,Jake Tsakalidis,Yao Ming,Luis Scola,Carl Landry,Yao Ming,Chandler Parsons,Marcus Morris,Jeremy Lin,K.J. McDaniels,K.J. McDaniels,Chinanu Onuaku,Luke Ridnour,Chris Wilcox,Robert Swift,Robert Swift,Etan Thomas,Morris Peterson,Ryan Reid,Thabo Sefolosha,Thabo Sefolosha,Kendrick Perkins,Andre Roberson,Victor Oladipo,Eric Piatkowski,Ben Wallace,Andres Nocioni,Derrick Rose,Chris Richard,Kurt Thomas,C.J. Watson,Marquis Teague,Erik Murphy,Tony Snell,Bobby Portis,Bobby Portis,Sasha Pavlovic,Anderson Varejao,Demetris Nichols,Jawad Williams,Sebastian Telfair,Leon Powe,Samardo Samuels,Marreese Speights,Sergey Karasev,Kendrick Perkins,Iman Shumpert,Jordan McRae,Aaron Williams,Morris Peterson,Darrick Martin,Patrick O'Bryant,Sonny Weems,Sundiata Gaines,Amir Johnson,Dominic McGuire,Steve Novak,Greivis Vasquez,Jason Thompson,P.J. Tucker,Beno Udrih,Jacque Vaughn,Tony Parker,Fabricio Oberto,Antonio McDyess,Larry Owens,Richard Jefferson,Patty Mills,Cory Joseph,Patty Mills,Patty Mills,Dejounte Murray
Matt Walsh,SG,Jason Williams,PG,Alonzo Mourning,C,Jermaine O'Neal,C,Dorell Wright,SF,Dexter Pittman,C,Ronny Turiaf,C,Mike Miller,SF,DeAndre Liggins,SG,Tyler Johnson,SG,Beno Udrih,PG,Beno Udrih,PG,Justin Reed,SF,Sebastian Telfair,PG,Brian Scalabrine,PF,Brian Scalabrine,C,Rajon Rondo,PG,Sasha Pavlovic,SG,Greg Stiemsma,C,Jared Sullinger,PF,Kelly Olynyk,C,Jared Sullinger,PF,James Young,SG,Tyler Zeller,C,Chris Taft,C,Patrick O'Bryant,C,Mickael Pietrus,SF,C.J. Watson,PG,Vladimir Radmanovic,PF,Reggie Williams,SF,Ish Smith,PG,Klay Thompson,SG,Nemanja Nedovic,SG,Klay Thompson,SG,Klay Thompson,SG,Anderson Varejao,C,Mo Williams,PG,Brian Skinner,PF,,,Luke Ridnour,PG,John Salmons,SG,Larry Sanders,C,Larry Sanders,PF,Larry Sanders,C,Ramon Sessions,PG,Johnny O'Bryant,PF,Miles Plumlee,C,Tony Snell,SG,Sasha Vujacic,,Lamar Odom,Luke Walton,,Luke Walton,Ramon Sessions,Robert Sacre,Jodie Meeks,Ronnie Price,Nick Young,Lou Williams,Jason Terry,Jason Terry,Tyronn Lue,Shawne Williams,James Singleton,Sasha Pavlovic,Sean Williams,Dominique Jones,Brandan Wright,Rajon Rondo,Charlie Villanueva,Manny Harris,John Lucas III,Bonzi Wells,Dikembe Mutombo,Von Wafer,Kyle Lowry,Patrick Patterson,Patrick Patterson,Donatas Motiejunas,Donatas Motiejunas,Donatas Motiejunas,Donatas Motiejunas,Isaiah Taylor,Robert Swift,Damien Wilkins,Wally Szczerbiak,Earl Watson,Kyle Weaver,Nate Robinson,Thabo Sefolosha,Hasheem Thabeet,Mustafa Shakur,Andre Roberson,Kyle Singler,Cameron Payne,Luke Schenscher,,Thabo Sefolosha,John Salmons,Derrick Rose,C.J. Watson,,Malcolm Thomas,Joakim Noah,,Derrick Rose,Rajon Rondo,Eric Snow,David Wesley,Sasha Pavlovic,Mo Williams,Anderson Varejao,Samardo Samuels,Ramon Sessions,Tristan Thompson,C.J. Miles,A.J. Price,J.R. Smith,Larry Sanders,Alvin Williams,Uros Slokar,Jamario Moon,Jermaine O'Neal,Antoine Wright,Jarrett Jack,James Johnson,Mickael Pietrus,Patrick Patterson,Lou Williams,Jonas Valanciunas,Jonas Valanciunas,Nick Van Exel,James White,Jeremy Richardson,Tony Parker,Tony Parker,Tony Parker,Cory Joseph,Gary Neal,Kawhi Leonard,Tony Parker,Tony Parker,Tony Parker
Jason Williams,PG,Dorell Wright,SF,Shaquille O'Neal,C,Chris Quinn,PG,,,Jerry Stackhouse,SG,Dwyane Wade,SG,Dexter Pittman,C,Roger Mason,SG,Josh McRoberts,PF,Dwyane Wade,SG,Dwyane Wade,SG,Brian Scalabrine,PF,Delonte West,SG,,,Henry Walker,SF,Brian Scalabrine,PF,Kendrick Perkins,C,Chris Wilcox,C,Jason Terry,SG,Phil Pressey,PG,Isaiah Thomas,PG,Tyler Zeller,C,,,,,Mickael Pietrus,SF,C.J. Watson,PG,Marcus Williams,PG,Anthony Randolph,C,Brandan Wright,PF,Klay Thompson,SG,Jeremy Tyler,C,Jermaine O'Neal,PF,,,Anderson Varejao,C,Briante Weber,PG,,,Charlie Villanueva,PF,,,Ramon Sessions,PG,Jerry Stackhouse,SG,Brian Skinner,C,Ekpe Udoh,C,Ish Smith,PG,D.J. Stephens,SG,Zaza Pachulia,C,Greivis Vasquez,PG,Mirza Teletovic,PF,Von Wafer,,Vladimir Radmanovic,Sun Yue,,Metta World Peace,Luke Walton,Metta World Peace,Steve Nash,Julius Randle,,Metta World Peace,Keith Van Horn,Kevin Willis,Jamaal Magloire,Antoine Wright,DeShawn Stevenson,DeShawn Stevenson,Brandan Wright,Chris Kaman,,Greg Smith,Deron Williams,Pierre Jackson,Tracy McGrady,,Steve Novak,James White,Kevin Martin,Luis Scola,Luis Scola,Tim Ohlbrecht,Chandler Parsons,Kostas Papanikolaou,Josh Smith,Lou Williams,Earl Watson,Mike Wilks,Kurt Thomas,Kyle Weaver,Russell Westbrook,Thabo Sefolosha,Russell Westbrook,Russell Westbrook,Hasheem Thabeet,Kyle Singler,Dion Waiters,Andre Roberson,Darius Songaila,,Cedric Simmons,Thabo Sefolosha,John Salmons,,,,Derrick Rose,,Tony Snell,Denzel Valentine,Anderson Varejao,,Cedric Simmons,Lorenzen Wright,Delonte West,Ramon Sessions,Donald Sloan,Anderson Varejao,Arinze Onuaku,Iman Shumpert,Tristan Thompson,Iman Shumpert,Eric Williams,Pape Sow,Rasho Nesterovic,Anthony Parker,,Amir Johnson,Linas Kleiza,Terrence Ross,Terrence Ross,,Delon Wright,Fred VanVleet,,Eric Williams,Damon Stoudamire,Kurt Thomas,Theo Ratliff,Chris Quinn,Kawhi Leonard,Tony Parker,Patty Mills,Tiago Splitter,Jonathon Simmons,Jonathon Simmons
Dorell Wright,SF,,,Smush Parker,PG,Dwyane Wade,SG,,,Dwyane Wade,SG,,,Jarvis Varnado,PF,Greg Oden,C,Shabazz Napier,PG,Briante Weber,PG,Briante Weber,PG,Wally Szczerbiak,SF,,,,,,,Henry Walker,SF,Paul Pierce,SF,Sean Williams,C,Jarvis Varnado,PF,Rajon Rondo,PG,Marcus Thornton,SG,,,,,,,Josh Powell,PF,Chris Webber,PF,Brandan Wright,PF,Anthony Tolliver,PF,Dorell Wright,SF,Jeremy Tyler,C,,,Marreese Speights,C,,,,,David West,C,,,Mo Williams,PG,,,Charlie Villanueva,PF,Kurt Thomas,C,Garrett Temple,SG,Beno Udrih,SG,Ekpe Udoh,C,Ekpe Udoh,PF,Jabari Parker,PF,Rashad Vaughn,SG,Jason Terry,SG,Luke Walton,,Ronny Turiaf,,,,Metta World Peace,,Robert Sacre,Robert Sacre,,Nick Young,,,Dirk Nowitzki,,Jason Terry,Peja Stojakovic,,Shawn Marion,,Amar'e Stoudemire,,DeAndre Liggins,Yao Ming,,Luis Scola,Metta World Peace,Tracy McGrady,Ish Smith,Greg Smith,Chandler Parsons,Josh Powell,Pablo Prigioni,Jason Terry,Troy Williams,Chris Wilcox,,Earl Watson,Russell Westbrook,D.J. White,Russell Westbrook,,,Russell Westbrook,Ish Smith,Russell Westbrook,Domantas Sabonis,Mike Sweetney,,Joe Smith,Cedric Simmons,Tyrus Thomas,,,,Tornike Shengelia,,,Dwyane Wade,Mike Wilks,,Joe Smith,,Jawad Williams,Anderson Varejao,Mychel Thompson,Dion Waiters,Henry Sims,J.R. Smith,Anderson Varejao,J.R. Smith,Loren Woods,P.J. Tucker,Anthony Parker,Will Solomon,,James Johnson,Jamaal Magloire,Sebastian Telfair,John Salmons,,,Delon Wright,,,Kurt Thomas,Anthony Tolliver,Garrett Temple,Bobby Simmons,Patty Mills,Tiago Splitter,Tony Parker,Reggie Williams,David West,
,,,,Kasib Powell,SF,Dorell Wright,SF,,,,,,,Dwyane Wade,SG,Dwyane Wade,SG,Dwyane Wade,SG,Hassan Whiteside,C,Hassan Whiteside,C,Delonte West,PG,,,,,,,Rasheed Wallace,C,Nate Robinson,PG,,,D.J. White,PF,Jared Sullinger,PF,Evan Turner,SG,,,,,,,Jason Richardson,SG,Brandan Wright,PF,,,Ronny Turiaf,C,,,Ekpe Udoh,C,,,Klay Thompson,SG,,,,,,,,,,,,,,,Roko Ukic,PG,,,,,Beno Udrih,SG,Nate Wolters,PG,Miles Plumlee,C,,,Axel Toupane,SF,,,Sasha Vujacic,,,,,,Shawne Williams,Nick Young,,Ivica Zubac,,,Jerry Stackhouse,,Tim Thomas,Jason Terry,,O.J. Mayo,,Charlie Villanueva,,Wesley Matthews,Dikembe Mutombo,,Kirk Snyder,,Pops Mensah-Bonsu,Jermaine Taylor,Hasheem Thabeet,Patrick Patterson,Greg Smith,Alexey Shved,Marcus Thornton,Kyle Wiltjer,Damien Wilkins,,Delonte West,D.J. White,Mike Wilks,D.J. White,,,Reggie Williams,Sebastian Telfair,,Kyle Singler,James Thomas,,Tyrus Thomas,Tim Thomas,Hakim Warrick,,,,Tony Snell,,,Paul Zipser,,,Eric Snow,,Mo Williams,Jawad Williams,Tristan Thompson,Luke Walton,Tristan Thompson,Tristan Thompson,Mo Williams,Edy Tavares,,,,Roko Ukic,,Trey Johnson,Ben Uzoh,Jonas Valanciunas,Julyan Stone,,,,,,Ime Udoka,Ime Udoka,,Tiago Splitter,Gary Neal,,Tiago Splitter,,,
,,,,Chris Quinn,PG,,,,,,,,,,,,,Henry Walker,SF,Justise Winslow,SF,Justise Winslow,SF,,,,,,,,,Shelden Williams,PF,Rajon Rondo,PG,,,Chris Wilcox,C,Gerald Wallace,SF,Gerald Wallace,SF,,,,,,,Anthony Roberson,PG,,,,,C.J. Watson,PG,,,Chris Wright,SF,,,,,,,,,,,,,,,,,,,Hakim Warrick,PF,,,,,,,Chris Wright,SF,Larry Sanders,C,,,Rashad Vaughn,SG,,,Luke Walton,,,,,,Nick Young,,,,,,Jason Terry,,,,,Anthony Morrow,,Brandan Wright,,Salah Mejri,Moochie Norris,,Bonzi Wells,,Luis Scola,Hasheem Thabeet,Terrence Williams,Thomas Robinson,,Josh Smith,,,Mike Wilks,,Chris Wilcox,Chris Wilcox,,,,,,Lance Thomas,,Russell Westbrook,Tim Thomas,,Ben Wallace,Tyrus Thomas,,,,,Marquis Teague,,,,,,Wally Szczerbiak,,,Mo Williams,Ben Uzoh,Tyler Zeller,Anderson Varejao,Anderson Varejao,,Tristan Thompson,,,,Jake Voskuhl,,Linas Kleiza,,,Jonas Valanciunas,,,,,,Jacque Vaughn,Jacque Vaughn,,Garrett Temple,Tony Parker,,Malcolm Thomas,,,
,,,,Dwyane Wade,SG,,,,,,,,,,,,,Hassan Whiteside,C,,,,,,,,,,,,,,,Von Wafer,SG,,,Terrence Williams,SF,,,Brandan Wright,PF,,,,,,,Dajuan Wagner,SG,,,,,Reggie Williams,SF,,,Dorell Wright,SF,,,,,,,,,,,,,,,,,,,,,,,,,,,,,Nate Wolters,PG,,,,,,,,,,,,,,,,,,,Antoine Wright,,,,,Troy Murphy,,,,Nerlens Noel,Stromile Swift,,Justin Williams,,Jermaine Taylor,Terrence Williams,,Greg Smith,,Jason Terry,,,,,Damien Wilkins,Damien Wilkins,,,,,,Dion Waiters,,,,,,,,,,,Jarvis Varnado,,,,,,Billy Thomas,,,,Anderson Varejao,,Dion Waiters,Dion Waiters,,Deron Williams,,,,,,Peja Stojakovic,,,Greivis Vasquez,,,,,,Darius Washington,Marcus Williams,,Ime Udoka,Tiago Splitter,,,,,
,,,,Jason Williams,PG,,,,,,,,,,,,,Shawne Williams,SF,,,,,,,,,,,,,,,Delonte West,PG,,,,,,,James Young,SG,,,,,,,,,,,,,,,,,,,,,,,,,,,,,,,,,,,,,,,,,,,,,,,,,,,,,,,,,,,,,,,,,,,,,,,,Dirk Nowitzki,,,,Dirk Nowitzki,David Wesley,,Loren Woods,,Garrett Temple,,,,,,,,,,Mike Wilks,,,,,,,Russell Westbrook,,,,,,,,,,,,,,,,,Anderson Varejao,,,,Luke Walton,,Tyler Zeller,,,Derrick Williams,,,,,,Sonny Weems,,,,,,,,,Marcus Williams,,,,Malcolm Thomas,,,,,
,,,,Dorell Wright,SF,,,,,,,,,,,,,,,,,,,,,,,,,,,,,,,,,,,,,Tyler Zeller,C,,,,,,,,,,,,,,,,,,,,,,,,,,,,,,,,,,,,,,,,,,,,,,,,,,,,,,,,,,,,,,,,,,,,,,,,Brandan Wright,,,,Dwight Powell,,,,,,,,,,,,,,,,,,,,,,,,,,,,,,,,,,,,,,,Ben Wallace,,,,,,,,,,,,,,,Julian Wright,,,,,,,,,,,,,,,,,,
,,,,,,,,,,,,,,,,,,,,,,,,,,,,,,,,,,,,,,,,,,,,,,,,,,,,,,,,,,,,,,,,,,,,,,,,,,,,,,,,,,,,,,,,,,,,,,,,,,,,,,,,,,,,,,,,,,,Chris Wright,,,,Jarrod Uthoff,,,,,,,,,,,,,,,,,,,,,,,,,,,,,,,,,,,,,,,Delonte West,,,,,,,,,,,,,,,,,,,,,,,,,,,,,,,,,
,,,,,,,,,,,,,,,,,,,,,,,,,,,,,,,,,,,,,,,,,,,,,,,,,,,,,,,,,,,,,,,,,,,,,,,,,,,,,,,,,,,,,,,,,,,,,,,,,,,,,,,,,,,,,,,,,,,,,,,Deron Williams,,,,,,,,,,,,,,,,,,,,,,,,,,,,,,,,,,,,,,,,,,,,,,,,,,,,,,,,,,,,,,,,,,,,,,,,